City,Postal Code,Region,Country
Norton,S8,,England
West End,DN36,East of England,England
Newtown,RG20,East Midlands,England
East End,BH21,North West,England
Seaton,LE15,East Midlands,England
Craigavon,BT66,,Northern Ireland
Norton,S8,West Midlands,England
London,WC1B,,England
Kinloch,PH43,,Scotland
Halton,LS9,,England
Manchester,M14,East Midlands,England
Thorpe,BD23,,England
London,W1F,West Midlands,
Bradford,BD7,North West,England
Kingston,DT10,East Midlands,England
Preston,PR1,East Midlands,England
Eaton,DN22,,England
Brampton,NR34,,England
Wootton,NN4,Yorkshire and the Humber,England
Ford,GL54,North West,England
Birmingham,B40,South West,England
Liverpool,L74,South West,England
Aston,TF6,East of England,England
Buckland,CT16,South East,England
East End,BH21,East of England,England
Linton,BD23,London,England
Kingston,DT10,London,England
Thorpe,BD23,London,England
Sutton,CT15,Yorkshire and the Humber,England
Burnside,EH52,,Scotland
London,WC2H,West Midlands,England
Carlton,DL8,North West,England
Linton,BD23,North East,England
Linton,BD23,North West,England
Aston,TF6,East Midlands,England
Sheffield,S33,East Midlands,England
Aberdeen,AB39,,Scotland
Newbiggin,NE46,West Midlands,England
Sutton,CT15,East Midlands,England
Liverpool,L33,South West,England
Sheffield,S1,Yorkshire and the Humber,England
Wootton,NN4,East Midlands,England
Denton,M34,West Midlands,England
Tullich,AB55,,Scotland
Kirkton,KW10,,Scotland
Merton,SW19,London,England
Newton,IV1,,Scotland
Birmingham,B12,West Midlands,England
Marston,ST20,East of England,England
Milton,NG22,West Midlands,England
Norton,NN11,,England
London,EC3M,North East,England
London,SW1E,South East,England
London,WC1B,South West,England
Walton,CV35,North West,England
Langley,SG4,West Midlands,England
Seaton,LE15,North West,England
Whitwell,DL10,East Midlands,England
Milton,NG22,London,England
Marston,ST20,North East,England
London,EC3M,West Midlands,England
Walton,CV35,Yorkshire and the Humber,England
Hatton,CV35,North West,England
Horton,BS37,North East,England
Birmingham,B12,North West,England
Linton,BD23,South East,England
Manchester,M14,Yorkshire and the Humber,England
Liverpool,L33,South East,England
Church End,CB4,South East,England
Middleton,LE16,,England
Middleton,LE16,London,England
Bradford,BD7,London,England
Birmingham,B40,North West,England
Whitchurch,BS14,East Midlands,
Bradford,BD7,East of England,England
Sutton,RH5,North West,England
Liverpool,L33,North West,England
Weston,GU32,South West,England
Hatton,CV35,North East,England
Leeds,LS6,East Midlands,England
Stapleford,LN6,London,England
Seaton,LE15,North East,England
Pentre,SY4,,Wales
Bristol,BS41,South West,England
London,EC1V,South West,England
Hatton,CV35,East Midlands,England
Langley,SG4,East of England,England
Liverpool,L74,Yorkshire and the Humber,England
Langley,SG4,North East,England
Eaton,DN22,South West,England
Milton,AB56,,Scotland
Sutton,CT15,West Midlands,England
Birmingham,B40,Yorkshire and the Humber,England
Liverpool,L33,Yorkshire and the Humber,England
Wootton,NN4,London,England
Newton,NG34,South East,England
Whitwell,DL10,London,England
Dean,OX7,London,England
Whitwell,DL10,South East,England
Buckland,CT16,Yorkshire and the Humber,England
Ashley,SN13,,England
Ford,GL54,East of England,England
Ford,GL54,,England
Whitwell,DL10,South West,England
Whitwell,DL10,Yorkshire and the Humber,England
London,SW1E,West Midlands,England
Edinburgh,EH9,,Scotland
Aston,TF6,North West,England
Denton,M34,South West,England
Merton,SW19,East Midlands,England
Aston,TF6,,England
Newbiggin,NE46,,England
Preston,PR1,London,England
Eaton,DN22,South East,England
Upton,DN21,North East,England
London,EC3M,Yorkshire and the Humber,England
Sutton,RH5,East of England,England
Belfast,BT2,,Northern Ireland
Normanton,LE15,West Midlands,England
London,EC1V,London,England
Wirral,CH48,East Midlands,England
Linton,BD23,West Midlands,England
Stapleford,LN6,West Midlands,England
Stapleford,LN6,South West,England
Ashley,SN13,London,England
Marston,ST20,Yorkshire and the Humber,England
Brampton,NR34,East Midlands,England
Milton,NG22,North West,England
Thorpe,BD23,East of England,England
Bristol,BS41,Yorkshire and the Humber,England
Swindon,SN1,North East,England
Newton,NG34,London,England
Dean,OX7,East Midlands,England
Church End,CB4,East Midlands,England
Newport,NR29,Yorkshire and the Humber,England
Buckland,CT16,London,England
Carlton,DL8,,England
Horton,BS37,East of England,England
Manchester,M14,East of England,England
Seaton,LE15,South East,England
Church End,N3,South West,England
Aston,TF6,West Midlands,England
Liverpool,L33,West Midlands,England
Aston,TF6,Yorkshire and the Humber,England
Weston,GU32,South East,England
Horton,BS37,South East,England
Church End,CB4,,England
Langley,SG4,South East,England
Preston,PR1,North West,England
London,WC1B,London,England
Weston,GU32,,England
Upton,WF9,,England
Liverpool,L33,,England
Weston,GU32,East of England,England
Brampton,NR34,London,England
West End,DN36,North East,England
Birmingham,B12,London,England
Brampton,NR34,South West,England
Upton,WF9,South West,England
Charlton,OX12,South West,England
London,WC1B,West Midlands,England
Hatton,CV35,West Midlands,England
Wootton,NN4,North East,England
Newton,NG34,East Midlands,England
Ashley,SN13,North West,England
Sutton,CT15,London,England
Birmingham,B12,East of England,England
Dean,OX7,West Midlands,England
Ashley,SN13,North East,England
Glasgow,G4,,Scotland
Buckland,CT16,North West,England
Wirral,CH48,Yorkshire and the Humber,England
Normanton,LE15,South East,England
Leeds,LS6,London,England
Liverpool,L33,London,England
Liverpool,L74,South East,England
Sheffield,S33,Yorkshire and the Humber,England
Eaton,DN22,East Midlands,England
Weston,GU32,Yorkshire and the Humber,England
Liverpool,L33,East Midlands,England
Whitchurch,BS14,East Midlands,England
Sutton,RH5,South West,England
Stapleford,LN6,North East,England
Newport,NR29,North West,
West End,DN36,Yorkshire and the Humber,England
London,WC1B,East of England,England
Bradford,BD7,East Midlands,England
Upton,DN21,South West,England
Middleton,LE16,East of England,England
Church End,N3,East Midlands,England
Leeds,LS6,South West,England
Stapleford,LN6,North West,England
Sutton,RH5,,England
Whitchurch,BS14,,England
Kingston,DT10,North West,England
Walton,CV35,East of England,England
Upton,DN21,West Midlands,England
West End,DN36,South West,England
Pentre,SY4,South East,
London,EC1V,Yorkshire and the Humber,England
Seaton,LE15,,England
East End,BH21,East Midlands,England
Halton,LS9,East Midlands,England
Halton,LS9,North East,England
Weston,GU32,London,England
Sheffield,S1,South West,England
Upton,WF9,East Midlands,England
Milton,NG22,South West,England
Swindon,SN1,East Midlands,England
Linton,BD23,East Midlands,England
London,SW1E,,England
Dean,OX7,North West,England
Twyford,LE14,North West,England
Charlton,OX12,East of England,England
Leeds,LS6,North West,England
Norton,NN11,North East,England
Newport,NR29,North West,England
Sutton,RH5,Yorkshire and the Humber,England
Marston,ST20,South West,England
Sutton,CT15,North East,England
Norton,NN11,London,England
Manchester,M14,London,England
Wirral,CH48,,England
Thorpe,BD23,North West,England
Newbiggin,NE46,East Midlands,England
Norton,S8,North East,England
Bristol,BS41,London,England
Sheffield,S33,North West,England
London,SW1E,East of England,England
Sutton,CT15,East of England,England
Thorpe,BD23,North East,England
Stapleford,LN6,East Midlands,England
Newtown,RG20,North East,England
Sutton,RH5,West Midlands,England
Milton,NG22,North East,England
London,WC2H,East Midlands,England
Walton,CV35,,England
Normanton,LE15,South West,England
East End,BH21,London,England
Walton,CV35,South West,England
Birmingham,B40,West Midlands,
Bradford,BD7,,England
Preston,PR1,West Midlands,England
Buckland,CT16,East of England,England
Hatton,CV35,,England
Aston,TF6,South West,England
Halton,LS9,Yorkshire and the Humber,England
Whitchurch,BS14,South West,England
Halton,LS9,South East,England
Langley,SG4,,England
Sheffield,S33,South East,England
Buckland,CT16,North East,England
Church End,N3,East of England,England
Charlton,OX12,,England
Birmingham,B12,South East,England
Norton,S8,North East,
Norton,S8,North West,England
Swindon,SN1,North West,England
Newtown,RG20,South East,England
Bristol,BS41,West Midlands,England
Wootton,NN4,East of England,England
East End,BH21,West Midlands,England
Sheffield,S1,East of England,England
Twyford,LE14,London,England
Denton,M34,North East,England
London,SW1E,East Midlands,England
Swindon,SN1,West Midlands,England
Newport,NR29,London,England
Upton,WF9,South East,England
London,EC3M,,England
Norton,S8,London,England
London,WC1B,East Midlands,England
Upton,WF9,London,England
Birmingham,B40,,England
London,EC3M,East Midlands,England
Sutton,RH5,South East,England
Newton,NG34,South West,England
Horton,BS37,South West,England
Denton,M34,North West,England
London,WC2H,South East,England
Thorpe,BD23,West Midlands,England
Wootton,NN4,North West,England
Sutton,CT15,South East,England
Upton,WF9,Yorkshire and the Humber,England
Birmingham,B40,West Midlands,England
Carlton,DL8,Yorkshire and the Humber,England
Linton,BD23,Yorkshire and the Humber,England
Middleton,LE16,North West,England
Twyford,LE14,Yorkshire and the Humber,England
Kingston,DT10,Yorkshire and the Humber,England
Marston,ST20,,England
Linton,BD23,East of England,England
Upton,WF9,North East,England
Preston,PR1,Yorkshire and the Humber,England
Carlton,DL8,West Midlands,England
Bradford,BD7,Yorkshire and the Humber,England
Denton,M34,,England
Twyford,LE14,Yorkshire and the Humber,
Norton,NN11,South East,England
Norton,NN11,West Midlands,England
London,SW1E,London,England
Walton,CV35,West Midlands,England
Seaton,LE15,London,England
London,SW1E,Yorkshire and the Humber,England
London,WC1B,North East,England
Wirral,CH48,West Midlands,England
London,W1F,South East,England
Buckland,CT16,,England
Carlton,DL8,South East,England
Brampton,NR34,North East,England
Manchester,M14,South West,England
Newbiggin,NE46,London,England
Manchester,M14,,England
Newport,NR29,,England
East End,BH21,South East,England
Halton,LS9,West Midlands,England
Church End,N3,,England
Langley,SG4,North West,England
London,WC2H,Yorkshire and the Humber,England
Walton,CV35,London,England
Seaton,LE15,West Midlands,England
London,EC3M,South East,England
Wirral,CH48,North West,England
Ford,GL54,Yorkshire and the Humber,England
Liverpool,L74,London,England
London,W1F,London,England
Wirral,CH48,North East,England
Aston,TF6,South East,England
Upton,DN21,,England
Horton,BS37,East Midlands,England
London,W1F,East Midlands,England
Ford,GL54,London,England
Manchester,M14,West Midlands,England
Seaton,LE15,Yorkshire and the Humber,England
Ford,GL54,South East,England
Whitwell,DL10,East of England,England
Halton,LS9,North West,England
East End,BH21,Yorkshire and the Humber,England
Newbiggin,NE46,South West,England
Ford,GL54,North East,England
Brampton,NR34,West Midlands,
Ashley,SN13,West Midlands,England
Liverpool,L74,North West,England
Wootton,NN4,West Midlands,England
Eaton,DN22,North West,England
Charlton,OX12,East Midlands,England
Liverpool,L74,North East,England
Newbiggin,NE46,North East,England
Manchester,M14,South East,England
Bristol,BS41,,England
West End,DN36,West Midlands,England
Merton,SW19,,England
Norton,S8,South East,England
Charlton,OX12,North West,England
Horton,BS37,West Midlands,England
Langley,SG4,East Midlands,England
Middleton,LE16,East Midlands,England
Middleton,LE16,North East,England
Horton,BS37,,England
Norton,NN11,East of England,England
Milton,NG22,East Midlands,England
Denton,M34,South East,England
London,WC2H,,England
London,EC1V,North East,England
Birmingham,B12,,England
Liverpool,L33,East of England,England
Birmingham,B40,South East,England
Bradford,BD7,South East,England
Dean,OX7,South West,England
Hatton,CV35,East of England,England
Ford,GL54,London,
Birmingham,B40,London,England
Aston,TF6,North East,England
London,W1F,North West,England
Charlton,OX12,South East,England
Church End,CB4,London,England
Newtown,RG20,,England
Middleton,LE16,Yorkshire and the Humber,England
Ashley,SN13,South West,England
Manchester,M14,North East,England
West End,DN36,North West,England
Liverpool,L74,East Midlands,England
Church End,N3,North East,England
London,SW1E,South West,England
Weston,GU32,North East,England
Kingston,DT10,South East,England
Upton,DN21,East of England,England
Newton,NG34,North East,England
Dean,OX7,North East,England
Newtown,RG20,West Midlands,England
Newport,NR29,South West,England
Birmingham,B40,North East,England
London,EC3M,North West,England
Newtown,RG20,Yorkshire and the Humber,England
Bristol,BS41,South East,England
Norton,S8,Yorkshire and the Humber,England
Liverpool,L74,East of England,England
Merton,SW19,Yorkshire and the Humber,England
London,EC1V,East Midlands,England
West End,DN36,East Midlands,England
Halton,LS9,East of England,England
Sutton,CT15,North West,England
Sheffield,S1,East Midlands,England
Upton,WF9,North West,England
Carlton,DL8,South West,England
Newtown,RG20,London,England
Kingston,DT10,West Midlands,England
London,W1F,South West,England
Whitchurch,BS14,North West,England
Edinburgh,EH9,North East,
Stapleford,LN6,East of England,England
London,W1F,East of England,England
Denton,M34,London,England
Ashley,SN13,East of England,England
Sheffield,S1,West Midlands,England
Birmingham,B12,North East,England
Eaton,DN22,North East,England
Swindon,SN1,South East,England
Newbiggin,NE46,Yorkshire and the Humber,England
Upton,DN21,South East,England
Hatton,CV35,Yorkshire and the Humber,England
London,WC2H,South West,England
Weston,GU32,North West,England
Ford,GL54,East Midlands,England
Norton,S8,South West,England
London,W1F,North East,England
Linton,BD23,South West,England
London,W1F,,England
Middleton,LE16,South East,England
Bradford,BD7,South West,England
Walton,CV35,North East,England
Charlton,OX12,North East,England
Thorpe,BD23,Yorkshire and the Humber,England
Church End,CB4,West Midlands,England
Weston,GU32,East Midlands,England
Kingston,DT10,East of England,England
Twyford,LE14,East Midlands,
Kingston,DT10,South West,England
Norton,S8,East of England,England
Sheffield,S1,North West,England
Ashley,SN13,South East,England
Ford,GL54,South West,England
Eaton,DN22,Yorkshire and the Humber,England
Brampton,NR34,West Midlands,England
Charlton,OX12,West Midlands,England
Eaton,DN22,West Midlands,England
London,EC3M,London,England
London,WC1B,North West,England
Marston,ST20,West Midlands,England
Buckland,CT16,East Midlands,England
Twyford,LE14,North East,England
Merton,SW19,West Midlands,England
Dean,OX7,,England
Leeds,LS6,West Midlands,England
Eaton,DN22,London,England
Wootton,NN4,South West,England
Langley,SG4,Yorkshire and the Humber,England
London,W1F,Yorkshire and the Humber,England
Liverpool,L74,West Midlands,England
Ashley,SN13,Yorkshire and the Humber,England
Leeds,LS6,London,
Dean,OX7,South East,England
Craigavon,BT66,South West,
Whitchurch,BS14,South East,England
Denton,M34,East of England,England
Sheffield,S33,East of England,England
Church End,CB4,East of England,England
Church End,CB4,North West,England
Birmingham,B12,East Midlands,England
Normanton,LE15,East of England,England
Whitwell,DL10,West Midlands,England
Church End,CB4,South West,England
Newbiggin,NE46,North West,England
Marston,ST20,North West,England
Seaton,LE15,East of England,England
London,EC1V,,England
Merton,SW19,South East,England
Ashley,SN13,East Midlands,England
Newtown,RG20,North West,England
London,WC2H,North West,England
Twyford,LE14,East Midlands,England
Leeds,LS6,,England
Weston,GU32,West Midlands,England
Bradford,BD7,South West,
Hatton,CV35,London,England
London,WC1B,South East,England
Eaton,DN22,North West,
Sutton,RH5,East Midlands,England
Whitchurch,BS14,East of England,England
Newport,NR29,East Midlands,England
Thorpe,BD23,South West,England
Buckland,CT16,West Midlands,England
Seaton,LE15,South West,England
Church End,N3,South East,England
Whitwell,DL10,North East,England
Bradford,BD7,North East,England
Norton,NN11,North West,England
Newport,NR29,West Midlands,England
Newton,NG34,North West,England
Swindon,SN1,Yorkshire and the Humber,England
Sheffield,S33,North East,England
Preston,PR1,South East,England
Preston,PR1,,England
Newbiggin,NE46,East of England,England
Upton,WF9,West Midlands,England
London,EC1V,East of England,England
Twyford,LE14,West Midlands,England
London,WC2H,East of England,England
Normanton,LE15,East Midlands,England
Sheffield,S1,,England
Normanton,LE15,Yorkshire and the Humber,England
Charlton,OX12,London,England
Leeds,LS6,North East,England
Brampton,NR34,Yorkshire and the Humber,England
Brampton,NR34,South East,England
Walton,CV35,East Midlands,England
Horton,BS37,Yorkshire and the Humber,England
Merton,SW19,North West,England
Twyford,LE14,South East,England
Charlton,OX12,Yorkshire and the Humber,England
Birmingham,B12,Yorkshire and the Humber,England
London,EC3M,London,
Sutton,CT15,,England
Preston,PR1,North East,England
Sutton,RH5,North East,England
Preston,PR1,South West,England
Upton,DN21,London,England
Upton,DN21,East Midlands,England
Langley,SG4,London,England
Normanton,LE15,North West,England
Newton,NG34,East of England,England
Leeds,LS6,Yorkshire and the Humber,England
Newton,NG34,West Midlands,England
Norton,S8,East Midlands,England
Merton,SW19,South West,England
London,SW1E,North East,England
Sheffield,S33,London,England
Thorpe,BD23,South East,England
London,W1F,West Midlands,England
Manchester,M14,North West,England
Denton,M34,East Midlands,England
Marston,ST20,South East,England
Kingston,DT10,East of England,
Bradford,BD7,West Midlands,England
Carlton,DL8,London,England
Buckland,CT16,South West,England
Whitchurch,BS14,Yorkshire and the Humber,England
Church End,CB4,Yorkshire and the Humber,England
Newport,NR29,North East,England
Wirral,CH48,London,England
Eaton,DN22,East of England,England
Newton,NG34,Yorkshire and the Humber,England
Middleton,LE16,South East,
Hatton,CV35,South West,England
Milton,NG22,South East,England
London,EC1V,South East,England
Kinloch,PH43,North East,
London,EC3M,South West,England
Brampton,NR34,North West,England
Twyford,LE14,,England
Bristol,BS41,North East,England
East End,BH21,,England
Dean,OX7,East of England,England
Sutton,RH5,London,England
West End,DN36,London,England
Carlton,DL8,North East,England
Milton,NG22,Yorkshire and the Humber,England
Halton,LS9,East of England,
East End,BH21,South West,England
London,EC3M,East of England,England
Swindon,SN1,,England
Sheffield,S1,South East,England
East End,BH21,North East,England
West End,DN36,,England
Sheffield,S33,South West,England
Merton,SW19,East of England,England
Newtown,RG20,South West,England
Newton,NG34,,England
Marston,ST20,London,England
Norton,NN11,South West,England
Preston,PR1,East of England,
Milton,NG22,East of England,England
Carlton,DL8,East Midlands,England
Whitchurch,BS14,North East,England
Upton,WF9,East of England,England
Horton,BS37,London,England
Middleton,LE16,South West,England
Church End,N3,North West,England
Ford,GL54,West Midlands,England
Kingston,DT10,South West,
Sutton,CT15,South West,England
Liverpool,L33,North East,England
Twyford,LE14,East of England,England
Carlton,DL8,East of England,England
London,WC1B,South East,
Upton,DN21,Yorkshire and the Humber,England
Sheffield,S33,,England
Newbiggin,NE46,South East,England
Church End,N3,Yorkshire and the Humber,
Normanton,LE15,North East,England
Horton,BS37,Yorkshire and the Humber,
Leeds,LS6,South East,England
Birmingham,B40,East of England,England
Tullich,AB55,West Midlands,
Norton,NN11,East Midlands,England
London,EC1V,North West,England
Wootton,NN4,,England
Kingston,DT10,,England
Normanton,LE15,London,England
Halton,LS9,London,England
Birmingham,B12,North West,
Wirral,CH48,East of England,England
Marston,ST20,East Midlands,England
Newport,NR29,South East,England
Ashley,SN13,London,
Preston,PR1,East of England,England
Church End,N3,London,England
Glasgow,G4,East of England,
Birmingham,B40,East Midlands,England
Aston,TF6,London,England
London,WC2H,London,England
Norton,NN11,Yorkshire and the Humber,England
Church End,N3,London,
Seaton,LE15,South East,
Brampton,NR34,East of England,England
Norton,S8,West Midlands,
Stapleford,LN6,South East,England
Walton,CV35,South East,England
Church End,CB4,North East,England
Leeds,LS6,East of England,England
Birmingham,B40,East of England,
Whitchurch,BS14,West Midlands,England
Halton,LS9,South West,England
Stapleford,LN6,Yorkshire and the Humber,England
Swindon,SN1,South West,England
Church End,N3,West Midlands,England
Stapleford,LN6,,
Wirral,CH48,South West,England
Milton,NG22,East Midlands,
London,WC1B,Yorkshire and the Humber,England
Wirral,CH48,South East,England
Kingston,DT10,North East,England
Merton,SW19,North East,England
Twyford,LE14,South West,England
Hatton,CV35,South East,England
London,SW1E,North West,England
Langley,SG4,South West,England
West End,DN36,South East,England
Newbiggin,NE46,East of England,
Liverpool,L74,,England
Milton,NG22,,England
Newport,NR29,East of England,England
Sheffield,S1,,
Bristol,BS41,East of England,England
Liverpool,L33,West Midlands,
Aston,TF6,London,
Denton,M34,Yorkshire and the Humber,England
Ford,GL54,North East,
Seaton,LE15,East of England,
London,SW1E,West Midlands,
Stapleford,LN6,,England
London,WC1B,East Midlands,
Newton,NG34,,
Twyford,LE14,South West,
Wootton,NN4,South East,England
Burnside,EH52,North West,
Horton,BS37,North East,
Kingston,DT10,London,
Newtown,RG20,East of England,England
Bristol,BS41,North West,England
Milton,NG22,South East,
Thorpe,BD23,East Midlands,England
Sutton,CT15,East Midlands,
Normanton,LE15,East of England,
Middleton,LE16,West Midlands,England
Buckland,CT16,London,
Langley,SG4,London,
London,W1F,Yorkshire and the Humber,
Seaton,LE15,East Midlands,
Whitchurch,BS14,London,England
Whitwell,DL10,,England
Swindon,SN1,East of England,England
Hatton,CV35,South East,
Bristol,BS41,East Midlands,England
Sheffield,S1,London,England
Wirral,CH48,London,
Sutton,RH5,Yorkshire and the Humber,
Church End,N3,Yorkshire and the Humber,England
London,WC2H,North East,England
Upton,DN21,North West,England
Sheffield,S1,North East,England
Whitwell,DL10,North West,England
Whitwell,DL10,East of England,
Dean,OX7,East Midlands,
Belfast,BT2,,
Manchester,M14,,
Birmingham,B12,South West,England
Linton,BD23,North East,
Linton,BD23,,England
Dean,OX7,South West,
Halton,LS9,Yorkshire and the Humber,
Tullich,AB55,East of England,
Halton,LS9,South West,
Normanton,LE15,,England
Edinburgh,EH9,North West,
Normanton,LE15,London,
Horton,BS37,North West,England
Whitchurch,BS14,London,
East End,BH21,East Midlands,
Marston,ST20,West Midlands,
Eaton,DN22,South West,
Church End,CB4,South West,
Dean,OX7,Yorkshire and the Humber,England
Merton,SW19,East Midlands,
Ford,GL54,Yorkshire and the Humber,
Norton,S8,Yorkshire and the Humber,
Manchester,M14,East of England,
Ashley,SN13,North West,
Sheffield,S33,South East,
London,EC1V,West Midlands,England
Aberdeen,AB39,East of England,
Craigavon,BT66,London,
Church End,CB4,West Midlands,
London,SW1E,Yorkshire and the Humber,
Sheffield,S33,East of England,
Eaton,DN22,East Midlands,
Middleton,LE16,West Midlands,
Sheffield,S33,West Midlands,England
Charlton,OX12,South West,
Swindon,SN1,London,England
Burnside,EH52,Yorkshire and the Humber,
London,WC2H,West Midlands,
Birmingham,B12,,
Upton,WF9,East of England,
Newton,NG34,North West,
Hatton,CV35,East of England,
Sheffield,S33,East Midlands,
Newton,IV1,West Midlands,
Birmingham,B12,East of England,
Liverpool,L74,West Midlands,
Whitwell,DL10,West Midlands,
West End,DN36,,
Aberdeen,AB39,London,
Burnside,EH52,,
London,WC1B,North West,
Milton,AB56,West Midlands,
Bristol,BS41,West Midlands,
Denton,M34,South West,
Craigavon,BT66,East Midlands,
Birmingham,B12,East Midlands,
Aberdeen,AB39,West Midlands,
Pentre,SY4,North West,
Newbiggin,NE46,South East,
Manchester,M14,North East,
Bradford,BD7,London,
Brampton,NR34,North East,
Thorpe,BD23,London,
Burnside,EH52,East Midlands,
Liverpool,L33,London,
London,EC1V,South West,
Birmingham,B40,South East,
Kirkton,KW10,South West,
London,WC1B,East of England,
Norton,NN11,West Midlands,
Craigavon,BT66,West Midlands,
Aston,TF6,North West,
London,WC1B,,
Wootton,NN4,North East,
Swindon,SN1,East of England,
Upton,WF9,South West,
Seaton,LE15,North East,
Merton,SW19,North East,
Newport,NR29,West Midlands,
Newport,NR29,South West,
Swindon,SN1,East Midlands,
Normanton,LE15,Yorkshire and the Humber,
Pentre,SY4,West Midlands,
Horton,BS37,,
Walton,CV35,South West,
Leeds,LS6,North West,
Marston,ST20,North West,
Birmingham,B12,Yorkshire and the Humber,
Horton,BS37,North West,
Church End,CB4,,
Sutton,RH5,London,
Halton,LS9,South East,
Bradford,BD7,West Midlands,
Denton,M34,West Midlands,
London,WC2H,East Midlands,
Preston,PR1,North East,
Halton,LS9,North East,
London,EC3M,South East,
Bradford,BD7,North East,
London,WC2H,East of England,
Sutton,RH5,East Midlands,
Wootton,NN4,East Midlands,
Linton,BD23,London,
Aston,TF6,South West,
Denton,M34,North West,
Upton,WF9,North East,
Middleton,LE16,East Midlands,
London,SW1E,London,
Wootton,NN4,East of England,
Newport,NR29,East Midlands,
Dean,OX7,South East,
Brampton,NR34,East Midlands,
Newbiggin,NE46,West Midlands,
Linton,BD23,,
Merton,SW19,North West,
Preston,PR1,Yorkshire and the Humber,
Newport,NR29,North East,
Merton,SW19,London,
Liverpool,L74,London,
Ford,GL54,West Midlands,
Denton,M34,South East,
Dean,OX7,North West,
London,SW1E,South West,
Norton,S8,,
Ford,GL54,,
Burnside,EH52,West Midlands,
Newtown,RG20,East Midlands,
Bradford,BD7,Yorkshire and the Humber,
Liverpool,L33,Yorkshire and the Humber,
Upton,WF9,London,
East End,BH21,,
Whitchurch,BS14,,
Newbiggin,NE46,North East,
Belfast,BT2,Yorkshire and the Humber,
Newtown,RG20,South East,
Newtown,RG20,Yorkshire and the Humber,
Seaton,LE15,South West,
Seaton,LE15,London,
Milton,NG22,North East,
Belfast,BT2,West Midlands,
London,EC1V,Yorkshire and the Humber,
